00f3d3d8b60ef559304ff51cadaf4fb1.png,-,423,1975,423,642,1276,642,1276,1975,-
021e9179bdd3287d873de5208535b4a7.png,-,723,945,723,317,2222,317,2222,945,-
065c4a67725752b09302b0a6a5ad3971.png,-,822,986,822,124,2511,124,2511,986,-
099574d0f797fe2519686fd1e724ebf3.png,-,231,379,231,126,704,126,704,379,-
10c9065a00b9bea9b741208b2679cf76.png,-,670,1622,670,561,2275,561,2275,1622,-
1105913212699e2e8a558191113acbd7.png,-,322,1364,322,447,970,447,970,1364,-
144b3c6678312a8dddaaa713c9f56a71.png,-,252,1556,252,519,745,519,745,1556,-
157a4b17084b43ef3b572dd7267e76d0.png,-,553,628,553,235,1681,235,1681,628,-
16cd16966b3339632b8dbce36225237c.png,-,188,1642,188,550,1868,550,1868,1642,-
19b01a2c6deeda40dbbdc6c54b7b6497.png,-,530,468,530,159,1597,159,1597,468,-
1b40467bc7b1623a8c957719fcf61b54.png,-,613,774,613,267,1849,267,1849,774,-
1cd72c7dcf77e1b8a401c0a7b41573c8.png,-,356,595,356,198,1077,198,1077,595,-
2927ce6ceccad5fab23e5b332894c5e1.png,-,635,837,635,279,1940,279,1940,837,-
2bc877416a54aea8a94227ce9d1e5d1f.png,-,459,811,459,271,1388,271,1388,811,-
2de6d574d39d2c8fcb700ab62fa25e94.png,-,300,383,300,128,909,128,909,383,-
2e83c9d27bbdb98505c76a19f19cb9d7.png,-,166,1377,166,457,496,457,496,1377,-
2ebb873b5b1a0c782e8432cf3a82d71f.png,-,515,759,515,255,1550,255,1550,759,-
3611f7a3a6cdd3dac9979517b736cf6a.png,-,325,1268,325,415,979,415,979,1268,-
36218303d390a25f042fb9844133e911.png,-,490,580,490,194,1505,194,1505,580,-
365df19a3155c1019ea182329a074f47.png,-,586,1230,586,418,1765,418,1765,1230,-
36824964d90c9e9ebc65eeb1b0438c66.png,-,538,1342,538,470,1783,470,1783,1342,-
37de452d05e9ecbed02a3966a1fa71b2.png,-,490,3702,490,1086,1465,1086,1465,3702,-
3c2daadda4f2cea3924df756aa363ec7.png,-,606,967,606,340,1808,340,1808,967,-
40ed826ebe0916f70999c831fc078faf.png,-,422,528,422,178,1274,178,1274,528,-
429394b77b7a164916bbf2a8a824f30e.png,-,250,1087,250,362,1347,362,1347,1087,-
4391a02a103037aa5b77e676f48213d8.png,-,621,709,621,260,1870,260,1870,709,-
48e4ee3749f5e786d2160d5081a4640f.png,-,157,253,157,84,483,84,483,253,-
4de809d33c56a83ae75f4ed10a027998.png,-,451,1947,451,571,1245,571,1245,1947,-
4e19d13913850c634fa6ca54850b6914.png,-,94,921,94,306,283,306,283,921,-
54c516c07afe31075266f04a04d2d03a.png,-,565,842,565,284,1726,284,1726,842,-
560ca4ac1260313eb5979140c4f9ef31.png,-,544,746,544,246,1648,246,1648,746,-
5825c9d1deb6572b6dba440d5c6482bf.png,-,550,1357,550,454,1707,454,1707,1357,-
589b454c920322816d8df0494cb07bba.png,-,316,1407,316,262,946,262,946,1407,-
58a2f243e9fdebb829c9aa954c1ced6a.png,-,771,652,771,221,2367,221,2367,652,-
5b972b1719a7b56b69cfecaf7030705f.png,-,301,857,301,283,1720,283,1720,857,-
5bff157e9089eae875de1eb057e4ab27.png,-,473,523,473,181,1424,181,1424,523,-
5e6e9e51d51b1f0a0eb5815e009200af.png,-,203,1359,203,453,845,453,845,1359,-
632cf29db1b4cfb252d20edba6508639.png,-,517,678,517,232,1571,232,1571,678,-
698e5fd96d25b1cc96b5711091172345.png,-,192,1541,192,512,571,512,571,1541,-
6c0923f882043d8ab709537da2813042.png,-,334,658,334,220,1004,220,1004,658,-
6cda80c14779289c3a3afcea4ef8f880.png,-,482,544,482,183,1452,183,1452,544,-
710eb9174efd4f943aa75c79e89a5bdc.png,-,574,3773,574,915,1715,915,1715,3773,-
749003091876fc58be69db54bbaae8f1.png,-,515,684,515,231,1562,231,1562,684,-
7711af7efa618bf29db3e2ad72ee534a.png,-,439,686,439,231,1324,231,1324,686,-
7ba840fa58126ec78764d77ee9720a27.png,-,460,671,460,227,1398,227,1398,671,-
7e56f424b1cd4515c744543907e89663.png,-,556,1759,556,141,1676,141,1676,1759,-
8119dd3a93dbf4e27cc3ba7262bd311e.png,-,538,665,538,229,1660,229,1660,665,-
8119f75cd210f514dda33eab7d64b9d6.png,-,394,967,394,322,1185,322,1185,967,-
88cb4b415dac218527ecc74dc6df522c.png,-,391,601,391,201,1186,201,1186,601,-
941206fe88e2034b2f9e1f6ffc90070a.png,-,162,624,162,2,1833,2,1833,624,-
96e66885affdc2a79ac0789318a3d530.png,-,506,913,506,309,1522,309,1522,913,-
97376e1b07bd92b927f4e8508fda19a2.png,-,652,797,652,207,1967,207,1967,797,-
97b2e27686dbb54b20cfbf9696d430f1.png,-,395,1434,395,477,1188,477,1188,1434,-
99a0962609cf1f72e6990b0d1c8cf3fe.png,-,448,1988,448,611,1349,611,1349,1988,-
9f627a286049886c0f3232a2469b3cc9.png,-,293,1979,293,564,880,564,880,1979,-
a154b624c06072da1a01c97ebc3894c1.png,-,531,936,531,322,1605,322,1605,936,-
a417bfe1b2ea0e2ac15c92db789ff500.png,-,89,731,89,242,1090,242,1090,731,-
a6522bc3e9d7207451c564c3bb4a89b8.png,-,523,596,523,201,1573,201,1573,596,-
a6e233ce71def579f34570953163d255.png,-,780,2337,780,747,3313,747,3313,2337,-
a7f9f2ac26ac6d10009611e290adb470.png,-,386,1376,386,389,1122,389,1122,1376,-
aa43c03597169dc7c6b5c41c47f7e0ad.png,-,531,946,531,331,1601,331,1601,946,-
aab7bd3438de5ce40c4c7de3db0ecf23.png,-,621,1238,621,414,1994,414,1994,1238,-
ab30ca615e3fb75d5bcbf0b1aa663f69.png,-,505,1927,505,450,1524,450,1524,1927,-
ad33d4cb49ac5a476768dd96b6eed78e.png,-,579,1200,579,430,1729,430,1729,1200,-
afd709c701704672c18db8d2684e0ae6.png,-,419,2008,419,669,1254,669,1254,2008,-
b1ed0a3f257cf01212f4285dadd38f21.png,-,270,1146,270,381,801,381,801,1146,-
b6a7f81f78800c77b3c27b45531ee0c4.png,-,318,2224,318,742,2371,742,2371,2224,-
b9a2dedf327a793702b3c1ccad171dea.png,-,445,811,445,273,1336,273,1336,811,-
bd73209510e733ac86f830442074385a.png,-,699,615,699,209,2116,209,2116,615,-
bd977af95e836c9dee8918e024f6ac9f.png,-,546,632,546,213,1659,213,1659,632,-
bf547f52301ee51df5faf1a6dc678740.png,-,771,2240,771,177,2284,177,2284,2240,-
c1fa89750734038a460cd1ca25e595e6.png,-,415,2044,415,683,2648,683,2648,2044,-
c3c5e1e6da39334c32873c0cf4eeb9ec.png,-,458,1070,458,320,1382,320,1382,1070,-
c5593983feae425b9a2117279450d5d4.png,-,322,1529,322,508,940,508,940,1529,-
c683d3627b6766ef1acd6efd52316be8.png,-,524,3507,524,1129,2634,1129,2634,3507,-
c8d3c60c36581b2edab0bb647e48f694.png,-,412,2054,412,685,2173,685,2173,2054,-
ca5bb0eddd893fb4b0e5ffa8f351412e.png,-,242,1306,242,73,1842,73,1842,1306,-
cc05f96fd5e98ca1243693586aacba88.png,-,569,867,569,291,1881,291,1881,867,-
cd82f250fa1ff45ae2eada5d91ed90a2.png,-,261,608,261,201,782,201,782,608,-
cdace7e42905482180185afe7d8d3fa0.png,-,537,3323,537,846,1596,846,1596,3323,-
d0581f8681b200dc78ef271460905612.png,-,582,710,582,237,1755,237,1755,710,-
d0adf4fa6ec14c14d53e210a9a279e75.png,-,150,757,150,111,1254,111,1254,757,-
d28f09879d22495e4ec234a5287a6c30.png,-,198,1365,198,439,591,439,591,1365,-
d6230eb6dc78728c09024eb674c427ef.png,-,234,1484,234,495,702,495,702,1484,-
d7d7c5f9109aa31aff407eeab054bfc7.png,-,430,2103,430,609,1288,609,1288,2103,-
dc706a5a1d6f8987b93bca7c2e737746.png,-,603,931,603,314,1862,314,1862,931,-
e083bf4d3c80b00698abdf7b4e769a8c.png,-,301,569,301,203,900,203,900,569,-
e5a9138a94f2ed782a77f2ef4b0a5e24.png,-,464,1725,464,494,1398,494,1398,1725,-
e5aa00f9b8978a02f20e4ca017bb6d80.png,-,402,513,402,170,1213,170,1213,513,-
e7979371f1f2b49b63b33d625e51d2d5.png,-,696,1158,696,390,2220,390,2220,1158,-
e7eb0c61166a35f7be5885481a3ea822.png,-,523,664,523,222,1580,222,1580,664,-
e8c43ae814911c4622987809d4850336.png,-,594,3578,594,552,1777,552,1777,3578,-
eddb324b906534e158177f022a1ca3b4.png,-,656,1142,656,381,1997,381,1997,1142,-
f2ce1cdeaeb9992376a475c51fda2b7b.png,-,190,1261,190,419,571,419,571,1261,-
f3ff64553032c54e8f603cdf68600adf.png,-,602,1615,602,573,1980,573,1980,1615,-
f534d421c7e36d6133a5e9031a7e2dd5.png,-,223,2004,223,463,665,463,665,2004,-
f7c811258e32c7150ff454bf419e8bc7.png,-,75,110,75,38,225,38,225,110,-
f9bf5d96a0cf5d64aac4eb5806554224.png,-,609,1266,609,446,1841,446,1841,1266,-
fedcc45b69bb6c40c4599bbb499ee365.png,-,350,515,350,173,1053,173,1053,515,-
ffe23e3a864dd809237d289e81083a0d.png,-,714,1238,714,411,3222,411,3222,1238,-
